Date,Time,Episode,Position,Velocity,Control,Alpha,Rho,K
14-02-2021,15:48:32:,0,-3.141592653589793,1.4414209340600799e-16,0.0,44.16869,11.56394,36.773273
14-02-2021,15:48:32:,0,-3.141592653589793,2.8599762580237784e-16,3.0,44.16869,11.56394,36.773273
14-02-2021,15:48:32:,0,-3.1371895557935607,0.8774094587796002,3.0,44.89585,11.027731,38.614227
14-02-2021,15:48:32:,0,-3.1241252985149526,1.730583669121135,3.0,38.88546,11.085651,37.77919
14-02-2021,15:48:32:,0,-3.1026908746782764,2.549879184855761,3.0,29.941965,10.629375,35.377563
14-02-2021,15:48:32:,0,-3.073270967983616,3.326222083566162,3.0,18.87166,10.375381,32.126137
14-02-2021,15:48:32:,0,-3.0363376153373522,4.051238373586177,3.0,14.598489,10.127222,29.996014
14-02-2021,15:48:32:,0,-2.992442506182245,4.717396116474399,3.0,11.173549,9.671854,27.739328
14-02-2021,15:48:32:,0,-2.942207812889704,5.318156146647675,3.0,10.406957,8.70499,26.886227
14-02-2021,15:48:33:,0,-2.886315502544326,5.848123366278386,3.0,10.645551,8.095473,27.508556
14-02-2021,15:48:33:,0,-2.825495181520365,6.303186647775648,3.0,10.85096,7.5796638,28.057007
14-02-2021,15:48:33:,0,-2.7605106569037945,6.6806331121713916,3.0,11.02001,7.090619,28.397081
14-02-2021,15:48:33:,0,-2.6921455434531376,6.979222478013104,3.0,10.39091,7.314198,28.505127
14-02-2021,15:48:33:,0,-2.621188378368789,7.19920945474922,3.0,9.654154,7.644319,28.390413
14-02-2021,15:48:33:,0,-2.5484178060579303,7.342306527912266,3.0,8.937324,7.964372,28.055365
14-02-2021,15:48:33:,0,-2.4745884434223946,7.411585285767354,3.0,8.181734,8.299841,27.55828
14-02-2021,15:48:33:,0,-2.4004180232558916,7.411320718741741,3.0,7.5826983,8.697754,26.820292
14-02-2021,15:48:33:,0,-2.326576339516567,7.3467886500061255,3.0,7.1899447,9.108509,25.899015
14-02-2021,15:48:33:,0,-2.253676393756189,7.224030735160638,3.0,6.7543654,9.514835,24.857073
14-02-2021,15:48:33:,0,-2.1822679844799193,7.0496037327730745,3.0,6.300862,9.953072,23.807688
14-02-2021,15:48:33:,0,-2.112833811956267,6.830329842963066,3.0,6.199166,10.342865,23.776894
14-02-2021,15:48:33:,0,-2.0457880107522426,6.573063082996328,3.0,6.121432,10.727625,23.830606
14-02-2021,15:48:33:,0,-1.9814768877844804,6.28448344990006,3.0,6.012784,11.076387,23.756964
14-02-2021,15:48:33:,0,-1.9201815455747315,5.97092667623699,3.0,5.878102,11.383524,23.570501
14-02-2021,15:48:33:,0,-1.862122012625325,5.638253362379016,3.0,5.7256503,11.626484,23.279932
14-02-2021,15:48:33:,0,-1.8074624834657564,5.291757680433546,3.0,5.558059,11.841965,22.919283
14-02-2021,15:48:33:,0,-1.7563172838293628,4.936113016327889,3.0,6.4892173,12.000906,22.718536
14-02-2021,15:48:33:,0,-1.708757213186808,4.57534998090103,3.0,10.02182,12.064337,22.972404
14-02-2021,15:48:33:,0,-1.6648159685684583,4.212861154664936,3.0,13.505789,12.07876,23.164558
14-02-2021,15:48:33:,0,-1.6244964121330856,3.851426605844952,3.0,16.927092,12.04217,23.29829
14-02-2021,15:48:33:,0,-1.5877765037521252,3.4932544572138564,3.0,20.23924,11.960394,23.370796
14-02-2021,15:48:33:,0,-1.5546147743190621,3.140031385138397,3.0,23.588554,11.856512,23.391298
14-02-2021,15:48:33:,0,-1.5249552627120133,2.792978745204759,3.0,26.947126,12.024296,23.363117
14-02-2021,15:48:33:,0,-1.4987318780062422,2.452910898712934,3.0,29.241943,12.394169,23.16126
14-02-2021,15:48:33:,0,-1.4758721784702962,2.1202931680349058,3.0,30.62336,12.70368,22.804594
14-02-2021,15:48:33:,0,-1.4563005806713178,1.7952976168911507,3.0,31.845608,12.963629,22.432573
14-02-2021,15:48:33:,0,-1.4399410266913275,1.4778555036098544,3.0,32.895542,13.200247,22.03876
14-02-2021,15:48:33:,0,-1.4267191462377653,1.1677057821927876,3.0,33.719776,13.404295,21.617266
14-02-2021,15:48:33:,0,-1.4165639545562811,0.864439432227524,3.0,34.455387,13.540434,21.198032
14-02-2021,15:48:33:,0,-1.4094091276683525,0.5675396969848502,3.0,35.192688,13.578875,20.77775
14-02-2021,15:48:33:,0,-1.405193894561041,0.2764185155209135,3.0,35.87708,13.576677,20.347647
14-02-2021,15:48:33:,0,-1.4038635823858154,-0.009550434184804085,3.0,36.553062,13.543488,19.915895
14-02-2021,15:48:33:,0,-1.4053698461532296,-0.2910015929288646,3.0,37.155502,13.472961,19.496637
14-02-2021,15:48:33:,0,-1.4096706093753149,-0.5685497669280712,2.388152807764042,37.809616,13.38715,19.091661
14-02-2021,15:48:33:,0,-1.417628770963482,-1.0221204505134285,-3.0,38.651855,13.61595,18.534782
14-02-2021,15:48:33:,0,-1.4380122585399562,-3.0497519304310985,-3.0,38.03886,14.300285,15.663066
14-02-2021,15:48:33:,0,-1.4785320841067149,-5.0497906934675765,-3.0,34.902485,13.733469,13.153028
14-02-2021,15:48:33:,0,-1.5389199726392357,-7.023279865082323,-3.0,31.11739,11.427418,10.761432
14-02-2021,15:48:33:,0,-1.618901270660131,-8.967684478138576,-3.0,25.17004,6.7574267,7.3817453
14-02-2021,15:48:33:,0,-1.7181528642948543,-10.875652722195856,-3.0,18.298014,3.6824608,4.334162
14-02-2021,15:48:33:,0,-1.8362495490769497,-12.733967383062,-3.0,11.172984,0.84694344,1.587093
14-02-2021,15:48:33:,0,-1.9726015629664513,-14.522863203497085,-3.0,3.857089,0.43786502,0.3280424
14-02-2021,15:48:33:,0,-2.1263881451353566,-16.215961478900226,-3.0,3.6683805,0.41977262,1.3011726
14-02-2021,15:48:33:,0,-2.29649473294449,-17.781110768048368,-3.0,3.246144,0.42026603,2.2345498
14-02-2021,15:48:33:,0,-2.4814641645775266,-19.18237843954604,-3.0,2.345679,0.8397279,3.087652
14-02-2021,15:48:33:,0,-2.67947398677913,-20.38327249306263,-3.0,0.7734787,0.66787887,2.8899107
14-02-2021,15:48:33:,0,-2.888351392746525,-21.350980702843124,-3.0,0.25769347,0.81530166,2.8489487
14-02-2021,15:48:33:,0,-3.105633393580044,-22.061053246244512,-3.0,0.71087974,1.4304392,2.942204
14-02-2021,15:48:33:,0,2.954512834063272,-22.501655700595233,-3.0,0.76626414,2.8689451,3.1170862
14-02-2021,15:48:33:,0,2.7284067007920196,-22.67643972018591,-3.0,0.9743659,4.384258,3.0442002
14-02-2021,15:48:33:,0,2.5018053957748627,-22.605316156770748,-3.0,2.3098645,5.126004,2.2421262
14-02-2021,15:48:33:,0,2.2770058706994787,-22.322925592648065,-3.0,3.6604023,5.801328,1.2994504
14-02-2021,15:48:33:,0,2.055898767651925,-21.875195898166904,-3.0,4.9839926,6.15319,0.19359161
14-02-2021,15:48:33:,0,1.8398776702868513,-21.31481904980804,2.026820007482568,5.9749,6.7487974,0.22436331
14-02-2021,15:48:33:,0,1.6371790269597186,-19.223841100542696,2.435672670651142,6.9581113,7.727469,0.22084248
14-02-2021,15:48:33:,0,1.4559429727698818,-17.03012474379812,3.0,8.050125,8.673998,0.33580124
14-02-2021,15:48:33:,0,1.2972152662362317,-14.727642586027823,3.0,9.946618,9.376867,0.87835556
14-02-2021,15:48:33:,0,1.161114150819965,-12.507537061629495,-3.0,11.67155,9.881897,1.4325695
14-02-2021,15:48:33:,0,1.0379342352867074,-12.140482440424751,-3.0,10.597036,9.468771,1.1434437
14-02-2021,15:48:33:,0,0.9180433472127518,-11.851706891495247,-3.0,8.896824,8.680037,0.7322562
14-02-2021,15:48:33:,0,0.8006025652518671,-11.652139654518527,0.14566518984131882,7.1893125,7.8609514,0.3321927
14-02-2021,15:48:33:,0,0.6892966387613653,-10.627954858281043,3.0,6.5858355,7.2256393,0.34021682
14-02-2021,15:48:33:,0,0.5918647323331956,-8.878538148037805,3.0,6.8452635,6.7103744,0.66682285
14-02-2021,15:48:33:,0,0.5113447790209884,-7.243371927615305,1.8728064368106194,7.249921,6.3018117,1.0096002
14-02-2021,15:48:33:,0,0.4450058322256929,-6.039272246039596,0.15931551715517767,7.7708783,6.336298,1.3255792
14-02-2021,15:48:33:,0,0.3877622803030816,-5.4214350850703825,-0.9520190114367049,7.7862487,6.297003,1.4121382
14-02-2021,15:48:33:,0,0.33471332910053864,-5.19875924069316,-1.1144830689078322,7.411347,6.2402487,1.3058442
14-02-2021,15:48:33:,0,0.2833437056215051,-5.085142559041919,-0.43194048730398027,6.9423394,6.1733766,1.1548353
14-02-2021,15:48:33:,0,0.23381655610443808,-4.830431788956034,0.5748346458899309,6.6190414,6.104627,1.0797696
14-02-2021,15:48:33:,0,0.18801771421635394,-4.339498351111473,1.3939930893300856,6.520351,6.042081,1.1544323
14-02-2021,15:48:33:,0,0.14803797455719758,-3.6660365994085464,1.7556401316344754,6.5956707,5.951638,1.4221115
14-02-2021,15:48:33:,0,0.11505092102731318,-2.939774278002854,1.6210432616247372,6.901641,5.93999,1.7245629
14-02-2021,15:48:33:,0,0.08889155504235458,-2.298951049011342,1.580685051779509,7.299805,5.9275146,1.9925843
14-02-2021,15:48:33:,0,0.06888880814066445,-1.7071173125301935,1.5475678676138722,7.7225094,5.880697,2.2257261
14-02-2021,15:48:33:,0,0.054602385137119125,-1.154458676918012,1.1045742899554756,7.9139028,5.737629,2.3641498
14-02-2021,15:48:33:,0,0.045073718228645365,-0.7542224461613666,0.38469234325582913,7.955919,5.742609,2.3628216
14-02-2021,15:48:33:,0,0.03840855388642961,-0.5805895504126152,0.1688227479011266,7.922994,5.724355,2.3175247
14-02-2021,15:48:33:,0,0.0331125204324727,-0.4799316590866163,0.11396982042710113,7.8642507,5.6932144,2.2912214
14-02-2021,15:48:33:,0,0.0287051055942813,-0.4026281823043292,0.0741555178137755,7.8129344,5.6650977,2.270923
14-02-2021,15:48:33:,0,0.02498152222805361,-0.342983278280792,0.052392509820986866,7.7573066,5.6286073,2.2493033
14-02-2021,15:48:33:,0,0.021796823833811985,-0.29471443648564605,0.04052180319252019,7.706982,5.5961905,2.2314801
14-02-2021,15:48:33:,0,0.019055659393361957,-0.2541682859909601,0.031042696691335747,7.663097,5.568004,2.215464
14-02-2021,15:48:33:,0,0.016687399889965704,-0.22004265914400822,0.024233112026829484,7.6258197,5.544171,2.201867
14-02-2021,15:48:33:,0,0.014634352062107947,-0.19104998382999808,0.018899016529594803,7.5929074,5.5236526,2.1900334
14-02-2021,15:48:33:,0,0.012849524874526175,-0.1663341264512166,0.014980397571730308,7.5595937,5.502623,2.178028
14-02-2021,15:48:33:,0,0.011294071758360502,-0.14512050289109735,0.012270134957785728,7.530359,5.4842067,2.167679
14-02-2021,15:48:33:,0,0.009936311692697153,-0.12674886835346477,0.009760230745483212,7.50479,5.4681206,2.1587133
14-02-2021,15:48:33:,0,0.00874945716231812,-0.11089889472460496,0.007788710019396239,7.482375,5.454047,2.1509771
14-02-2021,15:48:33:,0,0.007710243686774643,-0.09718577921749635,0.00625042140762519,7.462663,5.4410486,2.1447182
14-02-2021,15:48:33:,0,0.006798939757234557,-0.08528686679237875,0.0049899410596818405,7.4447837,5.4294157,2.13913
14-02-2021,15:48:33:,0,0.005998676004610459,-0.07495162690201845,0.004090531023388105,7.4278984,5.418762,2.1339202
14-02-2021,15:48:33:,0,0.005295096182817538,-0.06592747435271895,0.003399665110005695,7.4126596,5.409386,2.1282463
14-02-2021,15:48:33:,0,0.0046760456794436855,-0.05802606136434949,0.0028688381414177233,7.3986964,5.401122,2.1216576
14-02-2021,15:48:33:,0,0.004131098962808277,-0.051089496696802295,0.0024466948860806664,7.3865027,5.393892,2.114716
14-02-2021,15:48:33:,0,0.0036512628597695773,-0.04498883964873956,0.002042192505047391,7.3757725,5.3875294,2.1085055
14-02-2021,15:48:33:,0,0.0032286388782680753,-0.039633775432625556,0.0016559473035074185,7.3663173,5.381926,2.103043
14-02-2021,15:48:33:,0,0.0028561805204563306,-0.03494402485048589,0.0013393410935287342,7.3579755,5.3769894,2.0982413
14-02-2021,15:48:33:,0,0.002527673215249493,-0.03083333321581788,0.0010872022685493032,7.350611,5.372636,2.094017
14-02-2021,15:48:33:,0,0.002237715460990497,-0.0272251547351544,0.0008864523995241111,7.3441052,5.368794,2.0902967
14-02-2021,15:48:33:,0,0.0019816154923355533,-0.024053918396936446,0.0007260766378279285,7.3383546,5.3654017,2.0870173
14-02-2021,15:48:33:,0,0.0017552894163479493,-0.021263475460166423,0.0005973965885283095,7.3332696,5.362404,2.084124
14-02-2021,15:48:33:,0,0.0015551745804192052,-0.01880560244193687,0.0004936891225498577,7.3287706,5.359753,2.0815701
14-02-2021,15:48:33:,0,0.0013781567484336676,-0.016638733142414174,0.0004097622026354719,7.324788,5.357409,2.0793135
14-02-2021,15:48:33:,0,0.0012215088268416885,-0.014726913760559058,0.00034157500775643806,7.321262,5.3553348,2.0773194
14-02-2021,15:48:33:,0,0.0010828390564490142,-0.013038952246172826,0.00028590150146159954,7.318142,5.3534994,2.075556
14-02-2021,15:48:33:,0,0.0009600468589909816,-0.011547736030168211,0.00024026213926223866,7.3153753,5.351873,2.0739958
14-02-2021,15:48:33:,0,0.0008512851043196434,-0.010229628691484974,0.00020272287061936373,7.312925,5.3504333,2.072615
14-02-2021,15:48:33:,0,0.000754927856333687,-0.009063976167023383,0.0001716873013194488,7.3107533,5.349158,2.0713925
14-02-2021,15:48:33:,0,0.0006695425310789815,-0.00803271695800631,0.0001459254141409523,7.308829,5.348028,2.07031
14-02-2021,15:48:34:,0,0.0005938658072319747,-0.0071200206306381315,0.0001244606731342652,7.3071237,5.347027,2.069351
14-02-2021,15:48:34:,0,0.0005267828216086734,-0.006311991486020261,0.00010650046336528607,7.3056107,5.346138,2.0685015
14-02-2021,15:48:34:,0,0.00046730908505621116,-0.005596420149873936,9.141382711649187e-05,7.3042693,5.345351,2.0677485
14-02-2021,15:48:34:,0,0.0004145747280048795,-0.004962565507717796,7.869711867957915e-05,7.3030796,5.3446527,2.0670815
14-02-2021,15:48:34:,0,0.00036781077005088036,-0.004400967482470016,6.792944574803873e-05,7.3020244,5.344034,2.06649
14-02-2021,15:48:34:,0,0.0003263371039174956,-0.003903290958412832,5.8788722160765805e-05,7.301089,5.3434854,2.0659654
14-02-2021,15:48:34:,0,0.00028955198346602984,-0.0034621807213925894,5.099484772314901e-05,7.300258,5.342999,2.0655003
14-02-2021,15:48:34:,0,0.00025692280796141276,-0.00307114692905895,4.433310710104301e-05,7.299522,5.342567,2.0650878
14-02-2021,15:48:34:,0,0.00022797802475782447,-0.0027244557228693596,3.861564578240464e-05,7.298869,5.3421836,2.064722
14-02-2021,15:48:34:,0,0.00020230001482746118,-0.0024170417938804097,3.3698284466427385e-05,7.29829,5.341844,2.064398
14-02-2021,15:48:34:,0,0.0001795188301025874,-0.002144425274995667,2.9457431754124734e-05,7.2977757,5.3415427,2.06411
14-02-2021,15:48:34:,0,0.0001593066859704173,-0.0019026436281775526,2.5791076501827277e-05,7.297319,5.3412747,2.0638547
14-02-2021,15:48:34:,0,0.00014137309974815437,-0.0016881904157901495,2.261137397175034e-05,7.296914,5.3410373,2.0636282
14-02-2021,15:48:34:,0,0.00012546059815887745,-0.0014979625937944303,1.9848641950909792e-05,7.2965555,5.340827,2.0634274
14-02-2021,15:48:34:,0,0.00011134092923903438,-0.0013292122203411411,1.744327301269038e-05,7.2962356,5.3406405,2.063249
14-02-2021,15:48:34:,0,9.881172000136829e-05,-0.0011795054889318034,1.5347064870905713e-05,7.295954,5.3404746,2.0630908
14-02-2021,15:48:34:,0,8.769352352500093e-05,-0.0010466857218740396,1.3512690910941986e-05,7.2957025,5.3403277,2.0629504
14-02-2021,15:48:34:,0,7.782720097093687e-05,-0.0009288433075926623,1.1909956722400139e-05,7.2954803,5.3401976,2.0628262
14-02-2021,15:48:34:,0,6.907161086289193e-05,-0.0008242842523136315,1.0503567006945984e-05,7.295282,5.3400807,2.0627155
14-02-2021,15:48:34:,0,6.130156462802461e-05,-0.0007315082992471237,9.270584744593482e-06,7.2951064,5.3399787,2.0626173
14-02-2021,15:48:34:,0,5.440601323281058e-05,-0.0006491845509153981,8.18732877204886e-06,7.294951,5.339887,2.0625305
14-02-2021,15:48:34:,0,4.828644615306743e-05,-0.0005761333207839706,7.233737993813999e-06,7.2948127,5.339806,2.0624533
14-02-2021,15:48:34:,0,4.285546771010118e-05,-0.0005113087728540898,6.39512002035777e-06,7.2946897,5.3397346,2.0623846
14-02-2021,15:48:34:,0,3.803554012327126e-05,-0.0004537829001886841,5.6561627525069345e-06,7.2945814,5.3396707,2.0623238
14-02-2021,15:48:34:,0,3.375786959569638e-05,-0.0004027329041927961,5.004028109990215e-06,7.2944837,5.3396134,2.0622697
14-02-2021,15:48:34:,0,2.996141581768086e-05,-0.0003574291052287505,4.429193120251908e-06,7.294399,5.339564,2.062222
14-02-2021,15:48:34:,0,2.659201702437386e-05,-0.00031722389514327206,3.921116213949317e-06,7.2943225,5.3395195,2.062179
14-02-2021,15:48:34:,0,2.3601613330370697e-05,-0.00028154310448824443,3.4727739571491527e-06,7.2942553,5.339479,2.062142
14-02-2021,15:48:34:,0,2.094755795400971e-05,-0.00024987703980571305,3.0757993328048685e-06,7.294195,5.3394446,2.062108
14-02-2021,15:48:34:,0,1.8592006318041143e-05,-0.00022177385027015648,2.725589856355517e-06,7.2941422,5.3394136,2.0620785
14-02-2021,15:48:34:,0,1.650137498820925e-05,-0.00019683218115428182,2.415174310257766e-06,7.2940946,5.3393855,2.0620522
14-02-2021,15:48:34:,0,1.4645861422302175e-05,-0.000174696339669589,2.1406565497087272e-06,7.2940536,5.3393607,2.062029
14-02-2021,15:48:34:,0,1.2999016939740926e-05,-0.00015505047701134305,1.897569958130875e-06,7.2940154,5.3393393,2.062008
14-02-2021,15:48:34:,0,1.1537369639214035e-05,-0.00013761440256325038,1.6825646244330661e-06,7.293983,5.33932,2.0619893
14-02-2021,15:48:34:,0,1.0240089178825684e-05,-0.0001221393892140258,1.4918340673145125e-06,7.293954,5.3393025,2.0619733
14-02-2021,15:48:34:,0,9.08868895477255e-06,-0.00010840487786897836,1.322874967099152e-06,7.2939277,5.3392873,2.0619588
14-02-2021,15:48:34:,0,8.066761869152117e-06,-9.621504939899236e-05,1.1733214244647459e-06,7.293905,5.3392744,2.0619457
14-02-2021,15:48:34:,0,7.1597468980222345e-06,-8.539608474444888e-05,1.0407193962262684e-06,7.293884,5.3392625,2.0619342
14-02-2021,15:48:34:,0,6.354721181267564e-06,-7.57937939139538e-05,9.231336895391257e-07,7.2938657,5.3392515,2.061924
14-02-2021,15:48:34:,0,5.640215346769395e-06,-6.727133562838805e-05,8.188758621793378e-07,7.293849,5.339242,2.0619152
14-02-2021,15:48:34:,0,5.00605001185761e-06,-5.9707257433064425e-05,7.264631484461283e-07,7.293835,5.3392334,2.061907
14-02-2021,15:48:34:,0,4.44319073800159e-06,-5.299376026767588e-05,6.445001089008681e-07,7.293823,5.3392262,2.0619001
14-02-2021,15:48:34:,0,3.943619204083149e-06,-4.7035186177531826e-05,5.71822024321081e-07,7.293812,5.3392196,2.061894
14-02-2021,15:48:34:,0,3.500218866303584e-06,-4.174663095331824e-05,5.073607946683796e-07,7.293801,5.339214,2.0618882
14-02-2021,15:48:34:,0,3.106673532204951e-06,-3.7052744852608124e-05,4.5021847613582093e-07,7.2937922,5.339208,2.061883
14-02-2021,15:48:34:,0,2.7573773655475975e-06,-3.288664332143885e-05,3.9947025659762647e-07,7.2937846,5.339204,2.0618787
14-02-2021,15:48:34:,0,2.447354898293952e-06,-2.918899258207569e-05,3.544709241379729e-07,7.293777,5.339199,2.0618749
14-02-2021,15:48:34:,0,2.172190109117622e-06,-2.5907108699599802e-05,3.1455280714269026e-07,7.2937713,5.3391957,2.0618713
14-02-2021,15:48:34:,0,1.927963594994253e-06,-2.299423798039803e-05,2.7913781166950124e-07,7.2937655,5.339193,2.0618682
14-02-2021,15:48:34:,0,1.7111966887917163e-06,-2.0408885757013168e-05,2.4771860970352125e-07,7.2937613,5.33919,2.0618658
14-02-2021,15:48:34:,0,1.518801891808863e-06,-1.811422330477421e-05,2.1981872304922134e-07,7.293756,5.339187,2.061863
14-02-2021,15:48:34:,0,1.3480388498798845e-06,-1.607757086007937e-05,1.9510135675720287e-07,7.293753,5.3391857,2.061861
14-02-2021,15:48:34:,0,1.1964753663384897e-06,-1.4269905765027624e-05,1.7312992363056637e-07,7.2937493,5.3391833,2.0618591
14-02-2021,15:48:34:,0,1.0619527257560435e-06,-1.2665491818422425e-05,1.5365374846658243e-07,7.2937474,5.3391814,2.0618577
14-02-2021,15:48:34:,0,9.425549136743427e-07,-1.1241469335653449e-05,1.3635673581460127e-07,7.2937436,5.3391795,2.0618558
14-02-2021,15:48:34:,0,8.36581361074451e-07,-9.977559400295962e-06,1.210333870964028e-07,7.2937407,5.339178,2.0618544
14-02-2021,15:48:34:,0,7.425227264157286e-07,-8.855751529479967e-06,1.0741332477390655e-07,7.293739,5.339177,2.0618534
14-02-2021,15:48:34:,0,6.590393821781504e-07,-7.86007454473898e-06,9.532569388227258e-08,7.293737,5.339176,2.061852
14-02-2021,15:48:34:,0,5.8494229238093e-07,-6.976346831118089e-06,8.460787991954182e-08,7.293735,5.3391747,2.0618513
14-02-2021,15:48:34:,0,5.191761238698689e-07,-6.191978445202292e-06,7.508673725310021e-08,7.293734,5.3391747,2.0618505
14-02-2021,15:48:34:,0,4.6080420279537293e-07,-5.4958006268882186e-06,6.664314788218423e-08,7.2937326,5.3391733,2.0618498
14-02-2021,15:48:34:,0,4.0899516484671494e-07,-4.877895803349719e-06,5.914715577310227e-08,7.2937326,5.339173,2.0618494
14-02-2021,15:48:34:,0,3.63011126047752e-07,-4.329464077276247e-06,5.24937983476728e-08,7.2937303,5.339172,2.0618486
14-02-2021,15:48:34:,0,3.221971618394548e-07,-3.842694480043604e-06,4.659556206211748e-08,7.2937303,5.339172,2.0618482
14-02-2021,15:48:34:,0,2.8597199230873116e-07,-3.410652133783436e-06,4.1352687228861674e-08,7.293729,5.339171,2.0618477
14-02-2021,15:48:34:,0,2.5381969104287805e-07,-3.0271862446574857e-06,3.6703426960606875e-08,7.293728,5.33917,2.0618472
14-02-2021,15:48:34:,0,2.252823327886233e-07,-2.686834036056653e-06,3.257572847731361e-08,7.293727,5.33917,2.0618467
14-02-2021,15:48:34:,0,1.9995348132795243e-07,-2.3847484995272556e-06,2.8913681774865552e-08,7.293727,5.3391705,2.0618465
14-02-2021,15:48:34:,0,1.7747239899890133e-07,-2.116626780530188e-06,2.5661411416180655e-08,7.2937264,5.33917,2.0618463
14-02-2021,15:48:34:,0,1.5751890503068466e-07,-1.8786508411458917e-06,2.2775630968167896e-08,7.2937255,5.3391695,2.061846
14-02-2021,15:48:34:,0,1.3980881563568914e-07,-1.667431089699162e-06,2.021511633516249e-08,7.293725,5.339169,2.0618458
14-02-2021,15:48:34:,0,1.240899001331286e-07,-1.479959043373914e-06,1.7941842793780646e-08,7.2937245,5.3391685,2.0618453
14-02-2021,15:48:34:,0,1.1013828826733629e-07,-1.3135648980104926e-06,1.5924783514213306e-08,7.2937245,5.3391685,2.0618453
14-02-2021,15:48:34:,0,9.775527809452456e-08,-1.1658786458512358e-06,1.41336367856447e-08,7.2937245,5.3391685,2.0618453
14-02-2021,15:48:34:,0,8.676450935496405e-08,-1.0347971840740474e-06,1.2544498463002334e-08,7.293725,5.3391685,2.0618453
14-02-2021,15:48:34:,0,7.700944903987761e-08,-9.184534241014214e-07,1.1133894588908244e-08,7.2937236,5.339168,2.0618446
14-02-2021,15:48:34:,0,6.835116428405286e-08,-8.151904237875689e-07,9.88324107353155e-09,7.2937236,5.339168,2.0618446
14-02-2021,15:48:34:,0,6.06663439484123e-08,-7.235370963525756e-07,8.771109653659287e-09,7.2937236,5.339168,2.0618446
14-02-2021,15:48:34:,0,5.3845540470831565e-08,-6.42188765287547e-07,7.78488085751281e-09,7.2937236,5.339168,2.0618443
14-02-2021,15:48:34:,0,4.779160978074515e-08,-5.699865666783092e-07,6.909743474946376e-09,7.2937236,5.3391676,2.0618443
14-02-2021,15:48:34:,0,4.241833151397145e-08,-5.059021262726781e-07,6.132630939875197e-09,7.2937236,5.339168,2.0618443
14-02-2021,15:48:34:,0,3.7649178885601486e-08,-4.490228611788537e-07,5.443285817150981e-09,7.2937236,5.3391676,2.0618443
14-02-2021,15:48:34:,0,3.341622845098868e-08,-3.985385663858957e-07,4.8311521116623095e-09,7.293723,5.3391676,2.061844
14-02-2021,15:48:34:,0,2.9659194655806687e-08,-3.5373033276217874e-07,4.2882065007367596e-09,7.293723,5.3391676,2.061844
14-02-2021,15:48:34:,0,2.6324569635249873e-08,-3.139598851430595e-07,3.8059194656955894e-09,7.293723,5.3391676,2.061844
14-02-2021,15:48:34:,0,2.3364861156949246e-08,-2.7866093185842234e-07,3.378012098244608e-09,7.293723,5.3391676,2.061844
14-02-2021,15:48:34:,0,2.0737917161284258e-08,-2.473306900976856e-07,2.9982052761432896e-09,7.293723,5.3391676,2.061844
14-02-2021,15:48:34:,0,1.8406324020503462e-08,-2.195229548614433e-07,2.6611177095466628e-09,7.2937226,5.3391676,2.0618439
14-02-2021,15:48:34:,0,1.6336875408029528e-08,-1.9484168075464534e-07,2.362002956531423e-09,7.2937226,5.339168,2.0618439
14-02-2021,15:48:34:,0,1.4500098011183127e-08,-1.729353337804124e-07,2.0963782620039557e-09,7.2937226,5.339167,2.0618439
14-02-2021,15:48:34:,0,1.2869831866879622e-08,-1.534919661378677e-07,1.8605963140315719e-09,7.2937226,5.339168,2.0618439
14-02-2021,15:48:34:,0,1.1422859103049632e-08,-1.3623466765967914e-07,1.651499308630751e-09,7.2937226,5.339168,2.0618439
14-02-2021,15:48:34:,0,1.0138570871731645e-08,-1.2091760378525795e-07,1.4657953358501705e-09,7.2937226,5.339168,2.0618439
14-02-2021,15:48:34:,0,8.998677802907196e-09,-1.0732266562015484e-07,1.3009598626213211e-09,7.2937226,5.339168,2.0618439
14-02-2021,15:48:34:,0,7.986943995064166e-09,-9.525623509157818e-08,1.1547088429326847e-09,7.2937226,5.339168,2.0618439
14-02-2021,15:48:34:,0,7.088960973788971e-09,-8.454644467345985e-08,1.0248774067844509e-09,7.2937226,5.339168,2.0618439
14-02-2021,15:48:34:,0,6.291939413927139e-09,-7.504077246079661e-08,9.096489803516383e-10,7.2937226,5.339168,2.0618439
14-02-2021,15:48:34:,0,5.5845279511856916e-09,-6.66038360426545e-08,8.073810056397249e-10,7.2937226,5.339168,2.0618439
14-02-2021,15:48:34:,0,4.956651533660761e-09,-5.911547447823149e-08,7.166139354668048e-10,7.2937226,5.339168,2.0618439
14-02-2021,15:48:34:,0,4.399368425112016e-09,-5.246903739316845e-08,6.360326846570788e-10,7.2937226,5.339168,2.0618439
14-02-2021,15:48:34:,0,3.904741419091806e-09,-4.656987171331635e-08,5.645223983080107e-10,7.2937226,5.339168,2.0618439
14-02-2021,15:48:35:,0,3.4657259284642805e-09,-4.133395737767858e-08,5.010553047412256e-10,7.2937226,5.339168,2.0618439
14-02-2021,15:48:35:,0,3.0760696212439598e-09,-3.668672319196062e-08,4.447183061075141e-10,7.2937226,5.339168,2.0618439
14-02-2021,15:48:35:,0,2.7302231586645576e-09,-3.256198468918722e-08,3.94708078093775e-10,7.2937226,5.339168,2.0618439
14-02-2021,15:48:35:,0,2.423260259121207e-09,-2.8900999088374976e-08,3.5034676592543736e-10,7.2937226,5.339168,2.0618439
14-02-2021,15:48:35:,0,2.1508097525213543e-09,-2.5651618311812536e-08,3.1095211479453046e-10,7.2937226,5.339168,2.0618439
14-02-2021,15:48:35:,0,1.9089911873493293e-09,-2.2767571268733734e-08,2.759928969293547e-10,7.2937226,5.339168,2.0618439
14-02-2021,15:48:35:,0,1.6943606517827448e-09,-2.0207781127553134e-08,2.4496124772223404e-10,7.2937226,5.339168,2.0618439
14-02-2021,15:48:35:,0,1.5038614797902028e-09,-1.7935792101557787e-08,2.1741368000790726e-10,7.2937226,5.339168,2.0618439
14-02-2021,15:48:35:,0,1.3347802862995195e-09,-1.5919247728598922e-08,1.9297333401958963e-10,7.2937226,5.339168,2.0618439
14-02-2021,15:48:35:,0,1.1847092196148878e-09,-1.4129425063470644e-08,1.7127335668393265e-10,7.2937226,5.339168,2.0618439
14-02-2021,15:48:35:,0,1.0515108783692995e-09,-1.2540835694116011e-08,1.5201552083544576e-10,7.2937226,5.339168,2.0618439
14-02-2021,15:48:35:,0,9.332881134582749e-10,-1.1130853983140319e-08,1.349278376392269e-10,7.2937226,5.339168,2.0618439
14-02-2021,15:48:35:,0,8.283569385980627e-10,-9.879397381289053e-09,1.1977176839202967e-10,7.2937217,5.3391676,2.0618436
14-02-2021,15:48:35:,0,7.352238817759371e-10,-8.768639656593553e-09,1.0628858266690054e-10,7.2937217,5.3391676,2.0618436
14-02-2021,15:48:35:,0,6.525615603436563e-10,-7.782771006760604e-09,9.434701994743283e-11,7.2937217,5.3391676,2.0618436
14-02-2021,15:48:35:,0,5.791931378951176e-10,-6.907742376297188e-09,8.373735431587352e-11,7.2937217,5.3391676,2.0618436
14-02-2021,15:48:35:,0,5.140736725195438e-10,-6.131095042782162e-09,7.432086464779211e-11,7.2937217,5.3391676,2.0618436
14-02-2021,15:48:35:,0,4.562754618575582e-10,-5.441767754588661e-09,6.597320454803434e-11,7.2937217,5.3391676,2.0618436
14-02-2021,15:48:35:,0,4.0497605269251835e-10,-4.829940020876636e-09,5.853774820775252e-11,7.2937217,5.3391676,2.0618436
14-02-2021,15:48:35:,0,3.594440300958013e-10,-4.286906204829825e-09,5.196635797605706e-11,7.2937217,5.3391676,2.0618436
14-02-2021,15:48:35:,0,3.190310238210259e-10,-3.804923415690162e-09,4.6132167492627456e-11,7.2937217,5.3391676,2.0618436
14-02-2021,15:48:35:,0,2.831619383414363e-10,-3.3771281287966524e-09,4.0936784359089826e-11,7.2937217,5.3391676,2.0618436
14-02-2021,15:48:35:,0,2.513256269764952e-10,-2.9974330109722987e-09,3.6335325422477596e-11,7.2937217,5.3391676,2.0618436
14-02-2021,15:48:35:,0,2.230691187321554e-10,-2.6604271763992277e-09,3.223434367415544e-11,7.2937217,5.3391676,2.0618436
14-02-2021,15:48:35:,0,1.9798918060587312e-10,-2.361315966082807e-09,2.8623050158281414e-11,7.2937217,5.3391676,2.0618436
14-02-2021,15:48:35:,0,1.7572876487292888e-10,-2.0958304123035327e-09,2.5414950856380237e-11,7.2937217,5.3391676,2.0618436
14-02-2021,15:48:35:,0,1.559712359266996e-10,-1.8601908327791301e-09,2.2553353671836047e-11,7.2937217,5.3391676,2.0618436
14-02-2021,15:48:35:,0,1.3843548529735017e-10,-1.6510457870875629e-09,2.0001541760233073e-11,7.2937217,5.3391676,2.0618436
14-02-2021,15:48:35:,0,1.2287104667052517e-10,-1.465419932264905e-09,1.7762112338749205e-11,7.2937217,5.3391676,2.0618436
14-02-2021,15:48:35:,0,1.0905631953050943e-10,-1.3006614582329754e-09,1.5773881156495436e-11,7.2937217,5.3391676,2.0618436
14-02-2021,15:48:35:,0,9.67950164465492e-11,-1.154424440664285e-09,1.39923983217252e-11,7.2937217,5.3391676,2.0618436
14-02-2021,15:48:35:,0,8.591216626996356e-11,-1.0246314358899563e-09,1.2423004803753355e-11,7.2937217,5.3391676,2.0618436
14-02-2021,15:48:35:,0,7.625278186651485e-11,-9.094301260021776e-10,1.103062609055358e-11,7.2937217,5.3391676,2.0618436
14-02-2021,15:48:35:,0,6.767963967035939e-11,-8.071797912556402e-10,9.781907369449816e-12,7.2937217,5.3391676,2.0618436
14-02-2021,15:48:35:,0,6.007017105957857e-11,-7.16428117953176e-10,8.690262760037232e-12,7.2937217,5.3391676,2.0618436
14-02-2021,15:48:35:,0,5.331646235617882e-11,-6.358773662331985e-10,7.704996193303474e-12,7.2937217,5.3391676,2.0618436
14-02-2021,15:48:35:,0,4.732214620162267e-11,-5.643854529937381e-10,6.835907809551424e-12,7.2937217,5.3391676,2.0618436
14-02-2021,15:48:35:,0,4.200151337840907e-11,-5.009322635215493e-10,6.077474054697857e-12,7.2937217,5.3391676,2.0618436
14-02-2021,15:48:35:,0,3.7279512810073356e-11,-4.4461019743244667e-10,5.377863664003778e-12,7.2937217,5.3391676,2.0618436
14-02-2021,15:48:35:,0,3.3088198847508465e-11,-3.94625287996445e-10,4.780957258934168e-12,7.2937217,5.3391676,2.0618436
14-02-2021,15:48:35:,0,2.936806353659449e-11,-3.5025794146919717e-10,4.245795715184746e-12,7.2937217,5.3391676,2.0618436
14-02-2021,15:48:35:,0,2.6065816172149425e-11,-3.1087819062129264e-10,3.78304042334355e-12,7.2937217,5.3391676,2.0618436
14-02-2021,15:48:35:,0,2.3135271476348862e-11,-2.759216935947938e-10,3.3417259648815166e-12,7.2937217,5.3391676,2.0618436
14-02-2021,15:48:35:,0,2.0534240974257045e-11,-2.4490013934891146e-10,2.9644194336273674e-12,7.2937217,5.3391676,2.0618436
14-02-2021,15:48:35:,0,1.822542117224657e-11,-2.1736682457610428e-10,2.6398170366430617e-12,7.2937217,5.3391676,2.0618436
14-02-2021,15:48:35:,0,1.617639355799838e-11,-1.9292654876988109e-10,2.335173437028715e-12,7.2937217,5.3391676,2.0618436
14-02-2021,15:48:35:,0,1.4357848243662374e-11,-1.7123643692918512e-10,2.0681736255929986e-12,7.2937217,5.3391676,2.0618436
14-02-2021,15:48:35:,0,1.2743583965857397e-11,-1.519862620481573e-10,1.8424433450565428e-12,7.2937217,5.3391676,2.0618436
14-02-2021,15:48:35:,0,1.1310508085671245e-11,-1.3489840039984864e-10,1.647402540290829e-12,7.2937217,5.3391676,2.0618436
14-02-2021,15:48:35:,0,1.0039080677870516e-11,-1.1972821468375476e-10,1.4422271561943145e-12,7.2937217,5.3391676,2.0618436
14-02-2021,15:48:35:,0,8.910205906431656e-12,-1.0626952901032657e-10,1.2948497406535951e-12,7.2937217,5.3391676,2.0618436
14-02-2021,15:48:35:,0,7.908340649009915e-12,-9.431965560077513e-11,1.146283304772781e-12,7.2937217,5.3391676,2.0618436
14-02-2021,15:48:35:,0,7.01927405089009e-12,-8.371421866759476e-11,1.0112199645334016e-12,7.2937217,5.3391676,2.0618436
14-02-2021,15:48:35:,0,6.2301275249865284e-12,-7.430297572503355e-11,8.987895422481276e-13,7.2937217,5.3391676,2.0618436
14-02-2021,15:48:35:,0,5.52979884105298e-12,-6.594945652111991e-11,7.940823291194967e-13,7.2937217,5.3391676,2.0618436
14-02-2021,15:48:35:,0,4.908073947262892e-12,-5.853619540671333e-11,7.09885055143577e-13,7.2937217,5.3391676,2.0618436
14-02-2021,15:48:35:,0,4.356071059419264e-12,-5.195491344029515e-11,6.372105651721381e-13,7.2937217,5.3391676,2.0618436
14-02-2021,15:48:35:,0,3.866240660954645e-12,-4.611149038209684e-11,5.615926544042159e-13,7.2937217,5.3391676,2.0618436
14-02-2021,15:48:35:,0,3.431921413721284e-12,-4.092623999789254e-11,4.812822288218335e-13,7.2937217,5.3391676,2.0618436
14-02-2021,15:48:35:,0,3.0460078903615795e-12,-3.632900813704811e-11,4.4306382108242185e-13,7.2937217,5.3391676,2.0618436
14-02-2021,15:48:35:,0,2.7036151095671812e-12,-3.2243944115980227e-11,3.885830763152318e-13,7.2937217,5.3391676,2.0618436
14-02-2021,15:48:35:,0,2.3994140008198883e-12,-2.8619569232955745e-11,3.566544204700902e-13,7.2937217,5.3391676,2.0618436
14-02-2021,15:48:35:,0,2.1298518504409003e-12,-2.5399252091433668e-11,3.0002962645983976e-13,7.2937217,5.3391676,2.0618436
14-02-2021,15:48:35:,0,1.8900436771218665e-12,-2.2545893593161155e-11,2.873558385541372e-13,7.2937217,5.3391676,2.0618436
14-02-2021,15:48:35:,0,1.6777690348135366e-12,-2.00071497855687e-11,2.3355447036758794e-13,7.2937217,5.3391676,2.0618436
14-02-2021,15:48:35:,0,1.48903112062726e-12,-1.776019528895533e-11,2.19464464557086e-13,7.2937217,5.3391676,2.0618436
14-02-2021,15:48:35:,0,1.3216094885137863e-12,-1.576226795380583e-11,1.914099074791258e-13,7.2937217,5.3391676,2.0618436
14-02-2021,15:48:35:,0,1.1728396032140154e-12,-1.398997874186534e-11,1.765007479474102e-13,7.2937217,5.3391676,2.0618436
14-02-2021,15:48:35:,0,1.0413891970983968e-12,-1.2415007788949033e-11,1.3380531864799843e-13,7.2937217,5.3391676,2.0618436
14-02-2021,15:48:35:,0,9.241496456979803e-13,-1.1023827942619283e-11,1.400480638061316e-13,7.2937217,5.3391676,2.0618436
14-02-2021,15:48:35:,0,8.202327705930657e-13,-9.78276350928088e-12,1.1945062732927337e-13,7.2937217,5.3391676,2.0618436
14-02-2021,15:48:35:,0,7.278622149442526e-13,-8.68269232672412e-12,1.112923313071768e-13,7.2937217,5.3391676,2.0618436
14-02-2021,15:48:35:,0,6.461498003318411e-13,-7.704764546193789e-12,8.838391618734045e-14,7.2937217,5.3391676,2.0618436
14-02-2021,15:48:35:,0,5.733191699164308e-13,-6.839851948879545e-12,8.998485461710484e-14,7.2937217,5.3391676,2.0618436
14-02-2021,15:48:35:,0,5.089262344881718e-13,-6.068774923642203e-12,7.053124816193119e-14,7.2937217,5.3391676,2.0618436
14-02-2021,15:48:35:,0,4.516387264175137e-13,-5.387142527579835e-12,6.751425659538488e-14,7.2937217,5.3391676,2.0618436
14-02-2021,15:48:35:,0,4.0101255649460654e-13,-4.780678802373345e-12,5.1440840367886186e-14,7.2937217,5.3391676,2.0618436
14-02-2021,15:48:35:,0,3.561595462997502e-13,-4.244879875080968e-12,4.21381502079816e-14,7.2937217,5.3391676,2.0618436
14-02-2021,15:48:35:,0,3.157474282033945e-13,-3.770324050980636e-12,6.060994240594e-14,7.2937217,5.3391676,2.0618436
14-02-2021,15:48:35:,0,2.802202914153895e-13,-3.3422933369997223e-12,4.1326684883691834e-14,7.2937217,5.3391676,2.0618436
14-02-2021,15:48:36:,1,-3.141592653589793,1.4414209340600799e-16,3.0,44.16869,11.56394,36.773273
14-02-2021,15:48:36:,1,-3.1371895557935607,0.8774094587796,3.0,44.89585,11.027731,38.614227
14-02-2021,15:48:36:,1,-3.1241252985149526,1.7305836691211345,3.0,38.88546,11.085651,37.77919
14-02-2021,15:48:36:,1,-3.1026908746782764,2.5498791848557607,3.0,29.941965,10.629375,35.377563
14-02-2021,15:48:36:,1,-3.073270967983616,3.3262220835661616,3.0,18.87166,10.375381,32.126137
14-02-2021,15:48:36:,1,-3.0363376153373522,4.051238373586176,3.0,14.598489,10.127222,29.996014
14-02-2021,15:48:36:,1,-2.992442506182245,4.717396116474398,3.0,11.173549,9.671854,27.739328
14-02-2021,15:48:36:,1,-2.942207812889704,5.3181561466476746,3.0,10.406957,8.70499,26.886227
14-02-2021,15:48:36:,1,-2.886315502544326,5.848123366278385,3.0,10.645551,8.095473,27.508556
14-02-2021,15:48:36:,1,-2.825495181520365,6.3031866477756475,3.0,10.85096,7.5796638,28.057007
14-02-2021,15:48:36:,1,-2.7605106569037945,6.68063311217139,3.0,11.02001,7.090619,28.397081
14-02-2021,15:48:36:,1,-2.6921455434531376,6.979222478013102,3.0,10.39091,7.314198,28.505127
14-02-2021,15:48:36:,1,-2.621188378368789,7.1992094547492185,3.0,9.654154,7.644319,28.390413
14-02-2021,15:48:36:,1,-2.5484178060579303,7.342306527912264,3.0,8.937324,7.964372,28.055365
14-02-2021,15:48:36:,1,-2.4745884434223946,7.4115852857673525,3.0,8.181734,8.299841,27.55828
14-02-2021,15:48:36:,1,-2.4004180232558916,7.411320718741739,3.0,7.5826983,8.697754,26.820292
14-02-2021,15:48:36:,1,-2.326576339516567,7.346788650006125,3.0,7.1899447,9.108509,25.899015
14-02-2021,15:48:36:,1,-2.253676393756189,7.224030735160637,3.0,6.7543654,9.514835,24.857073
14-02-2021,15:48:36:,1,-2.1822679844799193,7.049603732773074,3.0,6.300862,9.953072,23.807688
14-02-2021,15:48:36:,1,-2.112833811956267,6.8303298429630654,3.0,6.199166,10.342865,23.776894
14-02-2021,15:48:36:,1,-2.0457880107522426,6.5730630829963275,3.0,6.121432,10.727625,23.830606
14-02-2021,15:48:36:,1,-1.9814768877844804,6.284483449900059,3.0,6.012784,11.076387,23.756964
14-02-2021,15:48:36:,1,-1.9201815455747315,5.9709266762369895,3.0,5.878102,11.383524,23.570501
14-02-2021,15:48:36:,1,-1.862122012625325,5.638253362379015,3.0,5.7256503,11.626484,23.279932
14-02-2021,15:48:36:,1,-1.8074624834657564,5.2917576804335456,3.0,5.558059,11.841965,22.919283
14-02-2021,15:48:36:,1,-1.7563172838293628,4.936113016327888,3.0,6.4892173,12.000906,22.718536
14-02-2021,15:48:36:,1,-1.708757213186808,4.575349980901029,3.0,10.02182,12.064337,22.972404
14-02-2021,15:48:36:,1,-1.6648159685684583,4.212861154664935,3.0,13.505789,12.07876,23.164558
14-02-2021,15:48:36:,1,-1.6244964121330856,3.851426605844951,3.0,16.927092,12.04217,23.29829
14-02-2021,15:48:36:,1,-1.5877765037521252,3.4932544572138555,3.0,20.23924,11.960394,23.370796
14-02-2021,15:48:36:,1,-1.5546147743190621,3.1400313851383963,3.0,23.588554,11.856512,23.391298
14-02-2021,15:48:36:,1,-1.5249552627120133,2.792978745204758,3.0,26.947126,12.024296,23.363117
14-02-2021,15:48:36:,1,-1.4987318780062422,2.452910898712933,3.0,29.241943,12.394169,23.16126
14-02-2021,15:48:36:,1,-1.4758721784702962,2.120293168034905,3.0,30.62336,12.70368,22.804594
14-02-2021,15:48:36:,1,-1.4563005806713178,1.7952976168911499,3.0,31.845608,12.963629,22.432573
14-02-2021,15:48:36:,1,-1.4399410266913275,1.4778555036098535,3.0,32.895542,13.200247,22.03876
14-02-2021,15:48:36:,1,-1.4267191462377653,1.1677057821927868,3.0,33.719776,13.404295,21.617266
14-02-2021,15:48:36:,1,-1.4165639545562811,0.8644394322275231,3.0,34.455387,13.540434,21.198032
14-02-2021,15:48:36:,1,-1.4094091276683525,0.5675396969848493,3.0,35.192688,13.578875,20.77775
14-02-2021,15:48:36:,1,-1.405193894561041,0.2764185155209126,3.0,35.87708,13.576677,20.347647
14-02-2021,15:48:36:,1,-1.4038635823858154,-0.009550434184804904,3.0,36.553062,13.543488,19.915895
14-02-2021,15:48:36:,1,-1.4053698461532296,-0.2910015929288655,3.0,37.155502,13.472961,19.496637
14-02-2021,15:48:36:,1,-1.4096706093753149,-0.5685497669280721,2.3881528077640244,37.809616,13.38715,19.091661
14-02-2021,15:48:36:,1,-1.417628770963482,-1.0221204505134345,-3.0,38.651855,13.61595,18.534782
14-02-2021,15:48:36:,1,-1.4380122585399562,-3.0497519304311047,-3.0,38.03886,14.300285,15.663066
14-02-2021,15:48:36:,1,-1.4785320841067149,-5.049790693467583,-3.0,34.902485,13.733469,13.153028
14-02-2021,15:48:36:,1,-1.5389199726392357,-7.023279865082329,-3.0,31.11739,11.427418,10.761432
14-02-2021,15:48:36:,1,-1.618901270660131,-8.967684478138581,-3.0,25.17004,6.7574267,7.3817453
14-02-2021,15:48:36:,1,-1.7181528642948543,-10.875652722195861,-3.0,18.298014,3.6824608,4.334162
14-02-2021,15:48:36:,1,-1.8362495490769497,-12.733967383062005,-3.0,11.172984,0.84694344,1.587093
14-02-2021,15:48:36:,1,-1.9726015629664513,-14.52286320349709,-3.0,3.857089,0.43786502,0.3280424
14-02-2021,15:48:36:,1,-2.1263881451353566,-16.215961478900233,-3.0,3.6683805,0.41977262,1.3011726
14-02-2021,15:48:36:,1,-2.29649473294449,-17.781110768048375,-3.0,3.246144,0.42026603,2.2345498
14-02-2021,15:48:36:,1,-2.4814641645775266,-19.182378439546046,-3.0,2.345679,0.8397279,3.087652
14-02-2021,15:48:36:,1,-2.67947398677913,-20.383272493062638,-3.0,0.7734787,0.66787887,2.8899107
14-02-2021,15:48:36:,1,-2.888351392746525,-21.35098070284313,-3.0,0.25769347,0.81530166,2.8489487
14-02-2021,15:48:36:,1,-3.105633393580044,-22.06105324624452,-3.0,0.71087974,1.4304392,2.942204
14-02-2021,15:48:36:,1,2.954512834063271,-22.501655700595236,-3.0,0.76626414,2.8689451,3.1170862
14-02-2021,15:48:36:,1,2.7284067007920196,-22.676439720185915,-3.0,0.9743659,4.384258,3.0442002
14-02-2021,15:48:36:,1,2.5018053957748627,-22.60531615677075,-3.0,2.3098645,5.126004,2.2421262
14-02-2021,15:48:36:,1,2.277005870699478,-22.32292559264807,-3.0,3.6604023,5.801328,1.2994504
14-02-2021,15:48:36:,1,2.0558987676519243,-21.875195898166908,-3.0,4.9839926,6.15319,0.19359161
14-02-2021,15:48:37:,1,1.8398776702868513,-21.314819049808044,2.026820007482568,5.9749,6.7487974,0.22436331
14-02-2021,15:48:37:,1,1.6371790269597177,-19.2238411005427,2.435672670651141,6.9581113,7.727469,0.22084248
14-02-2021,15:48:37:,1,1.455942972769881,-17.030124743798122,3.0,8.050125,8.673998,0.33580124
14-02-2021,15:48:37:,1,1.2972152662362317,-14.727642586027827,3.0,9.946618,9.376867,0.87835556
14-02-2021,15:48:37:,1,1.161114150819964,-12.507537061629499,-3.0,11.67155,9.881897,1.4325695
14-02-2021,15:48:37:,1,1.0379342352867065,-12.140482440424757,-3.0,10.597036,9.468771,1.1434437
14-02-2021,15:48:37:,1,0.9180433472127509,-11.851706891495255,-3.0,8.896824,8.680037,0.7322562
14-02-2021,15:48:37:,1,0.8006025652518662,-11.652139654518534,0.14566518984131527,7.1893125,7.8609514,0.3321927
14-02-2021,15:48:37:,1,0.6892966387613639,-10.627954858281052,3.0,6.5858355,7.2256393,0.34021682
14-02-2021,15:48:37:,1,0.5918647323331943,-8.878538148037814,3.0,6.8452635,6.7103744,0.66682285
14-02-2021,15:48:37:,1,0.5113447790209871,-7.243371927615315,1.8728064368106132,7.249921,6.3018117,1.0096002
14-02-2021,15:48:37:,1,0.44500583222569157,-6.03927224603961,0.15931551715516523,7.7708783,6.336298,1.3255792
14-02-2021,15:48:37:,1,0.3877622803030798,-5.421435085070402,-0.9520190114367235,7.7862487,6.297003,1.4121382
14-02-2021,15:48:37:,1,0.33471332910053686,-5.198759240693186,-1.1144830689078633,7.411347,6.2402487,1.3058442
14-02-2021,15:48:37:,1,0.2833437056215029,-5.085142559041955,-0.4319404873040247,6.9423394,6.1733766,1.1548353
14-02-2021,15:48:37:,1,0.2338165561044354,-4.830431788956086,0.5748346458898732,6.6190414,6.104627,1.0797696
14-02-2021,15:48:37:,1,0.18801771421635083,-4.339498351111548,1.3939930893300092,6.520351,6.042081,1.1544323
14-02-2021,15:48:37:,1,0.14803797455719314,-3.666036599408647,1.7556401316343742,6.5956707,5.951638,1.4221115
14-02-2021,15:48:37:,1,0.11505092102730785,-2.9397742780029876,1.6210432616245969,6.901641,5.93999,1.7245629
14-02-2021,15:48:37:,1,0.08889155504234747,-2.2989510490115217,1.5806850517793736,7.299805,5.9275146,1.9925843
14-02-2021,15:48:37:,1,0.06888880814065557,-1.70711731253042,1.5475678676139442,7.7225094,5.880697,2.2257261
14-02-2021,15:48:37:,1,0.05460238513710802,-1.154458676918226,1.1045742899560729,7.9139028,5.737629,2.3641498
14-02-2021,15:48:37:,1,0.045073718228633375,-0.7542224461614158,0.384692343256422,7.955919,5.742609,2.3628216
14-02-2021,15:48:37:,1,0.038408553886417174,-0.5805895504125043,0.16882274790132512,7.922994,5.724355,2.3175247
14-02-2021,15:48:37:,1,0.033112520432462045,-0.4799316590864624,0.11396982042707848,7.8642507,5.6932144,2.2912214
14-02-2021,15:48:37:,1,0.028705105594271974,-0.4026281823041961,0.07415551781375074,7.8129344,5.6650977,2.270923
14-02-2021,15:48:37:,1,0.024981522228045616,-0.34298327828067854,0.05239250982096155,7.7573066,5.6286073,2.2493033
14-02-2021,15:48:37:,1,0.02179682383380488,-0.2947144364855506,0.04052180319251153,7.706982,5.5961905,2.2314801
14-02-2021,15:48:37:,1,0.01905565939335574,-0.2541682859908765,0.031042696691324978,7.663097,5.568004,2.215464
14-02-2021,15:48:37:,1,0.016687399889960375,-0.2200426591439359,0.024233112026815884,7.6258197,5.544171,2.201867
14-02-2021,15:48:37:,1,0.014634352062103062,-0.1910499838299368,0.0188990165295973,7.5929074,5.5236526,2.1900334
14-02-2021,15:48:37:,1,0.012849524874522178,-0.16633412645116075,0.014980397571712378,7.5595937,5.502623,2.178028
14-02-2021,15:48:37:,1,0.01129407175835695,-0.1451205028910522,0.012270134957783674,7.530359,5.4842067,2.167679
14-02-2021,15:48:37:,1,0.0099363116926936,-0.12674886835342494,0.009760230745498144,7.50479,5.4681206,2.1587133
14-02-2021,15:48:37:,1,0.008749457162315455,-0.1108988947245649,0.007788710019373257,7.482375,5.454047,2.1509771
14-02-2021,15:48:37:,1,0.007710243686771978,-0.09718577921746674,0.006250421407636209,7.462663,5.4410486,2.1447182
14-02-2021,15:48:37:,1,0.006798939757232336,-0.08528686679234908,0.004989941059674263,7.4447837,5.4294157,2.13913
14-02-2021,15:48:37:,1,0.005998676004608683,-0.07495162690199383,0.004090531023378946,7.4278984,5.418762,2.1339202
14-02-2021,15:48:37:,1,0.005295096182815762,-0.06592747435269948,0.0033996651100133,7.4126596,5.409386,2.1282463
14-02-2021,15:48:37:,1,0.004676045679441909,-0.05802606136432994,0.002868838141424815,7.3986964,5.401122,2.1216576
14-02-2021,15:48:37:,1,0.004131098962806945,-0.05108949669678258,0.0024466948860692866,7.3865027,5.393892,2.114716
14-02-2021,15:48:37:,1,0.003651262859768245,-0.04498883964872489,0.002042192505052401,7.3757725,5.3875294,2.1085055
14-02-2021,15:48:37:,1,0.003228638878267187,-0.03963377543261087,0.0016559473034945399,7.3663173,5.381926,2.103043
14-02-2021,15:48:37:,1,0.0028561805204554425,-0.03494402485047624,0.0013393410935323424,7.3579755,5.3769894,2.0982413
14-02-2021,15:48:37:,1,0.002527673215249049,-0.030833333215808254,0.0010872022685353283,7.350611,5.372636,2.094017
14-02-2021,15:48:37:,1,0.002237715460990053,-0.02722515473514984,0.0008864523995267062,7.3441052,5.368794,2.0902967
14-02-2021,15:48:37:,1,0.0019816154923351093,-0.024053918396931957,0.0007260766378307248,7.3383546,5.3654017,2.0870173
14-02-2021,15:48:37:,1,0.0017552894163470611,-0.021263475460161888,0.0005973965885484114,7.3332696,5.362404,2.084124
14-02-2021,15:48:37:,1,0.001555174580418317,-0.018805602441927156,0.0004936891225529247,7.3287706,5.359753,2.0815701
14-02-2021,15:48:37:,1,0.0013781567484332236,-0.01663873314240425,0.0004097622026203937,7.324788,5.357409,2.0793135
14-02-2021,15:48:37:,1,0.0012215088268412444,-0.014726913760554136,0.00034157500775773564,7.321262,5.3553348,2.0773194
14-02-2021,15:48:37:,1,0.0010828390564485701,-0.013038952246167962,0.0002859015014630567,7.318142,5.3534994,2.075556
14-02-2021,15:48:37:,1,0.0009600468589909816,-0.0115477360301633,0.00024026213924614043,7.3153753,5.351873,2.0739958
14-02-2021,15:48:37:,1,0.0008512851043196434,-0.010229628691485117,0.00020272287061982863,7.312925,5.3504333,2.072615
14-02-2021,15:48:37:,1,0.0007549278563332429,-0.009063976167023632,0.00017168730133764257,7.3107533,5.349158,2.0713925
14-02-2021,15:48:37:,1,0.0006695425310789815,-0.008032716958001463,0.00014592541412506224,7.308829,5.348028,2.07031
14-02-2021,15:48:37:,1,0.0005938658072315306,-0.007120020630638221,0.00012446067315191427,7.3071237,5.347027,2.069351
14-02-2021,15:48:37:,1,0.0005267828216086734,-0.006311991486015361,0.000106500463349226,7.3056107,5.346138,2.0685015
14-02-2021,15:48:37:,1,0.00046730908505621116,-0.005596420149873969,9.141382711659596e-05,7.3042693,5.345351,2.0677485
14-02-2021,15:48:37:,1,0.0004145747280048795,-0.004962565507717936,7.869711868003539e-05,7.3030796,5.3446527,2.0670815
14-02-2021,15:48:37:,1,0.0003678107700504363,-0.004400967482470159,6.792944576584393e-05,7.3020244,5.344034,2.06649
14-02-2021,15:48:37:,1,0.0003263371039174956,-0.003903290958407887,5.878872214455655e-05,7.301089,5.3434854,2.0659654
14-02-2021,15:48:37:,1,0.00028955198346602984,-0.0034621807213925655,5.099484772307008e-05,7.300258,5.342999,2.0655003
14-02-2021,15:48:37:,1,0.00025692280796141276,-0.0030711469290590323,4.433310710131189e-05,7.299522,5.342567,2.0650878
14-02-2021,15:48:37:,1,0.00022797802475782447,-0.002724455722869445,3.8615645782684796e-05,7.298869,5.3421836,2.064722
14-02-2021,15:48:37:,1,0.00020230001482746118,-0.002417041793880496,3.369828446670928e-05,7.29829,5.341844,2.064398
14-02-2021,15:48:37:,1,0.0001795188301025874,-0.002144425274995755,2.9457431754413566e-05,7.2977757,5.3415427,2.06411
14-02-2021,15:48:37:,1,0.0001593066859704173,-0.0019026436281776415,2.5791076502117843e-05,7.297319,5.3412747,2.0638547
14-02-2021,15:48:37:,1,0.00014137309974815437,-0.0016881904157902395,2.2611373972045243e-05,7.296914,5.3410373,2.0636282
14-02-2021,15:48:37:,1,0.00012546059815887745,-0.0014979625937945207,1.984864195120643e-05,7.2965555,5.340827,2.0634274
14-02-2021,15:48:37:,1,0.00011134092923903438,-0.001329212220341233,1.7443273012992654e-05,7.2962356,5.3406405,2.063249
14-02-2021,15:48:37:,1,9.881172000136829e-05,-0.0011795054889318962,1.534706487121059e-05,7.295954,5.3404746,2.0630908
14-02-2021,15:48:37:,1,8.769352352500093e-05,-0.0010466857218741335,1.3512690911249466e-05,7.2957025,5.3403277,2.0629504
14-02-2021,15:48:37:,1,7.782720097049278e-05,-0.0009288433075927576,1.1909956740015172e-05,7.2954803,5.3401976,2.0628262
14-02-2021,15:48:37:,1,6.907161086244784e-05,-0.0008242842523086473,1.0503567007911791e-05,7.295282,5.3400807,2.0627155
14-02-2021,15:48:37:,1,6.130156462802461e-05,-0.0007315082992419706,9.270584727704865e-06,7.2951064,5.3399787,2.0626173
14-02-2021,15:48:37:,1,5.440601323281058e-05,-0.0006491845509152606,8.187328771598699e-06,7.294951,5.339887,2.0625305
14-02-2021,15:48:37:,1,4.828644615351152e-05,-0.0005761333207839406,7.2337379764168905e-06,7.2948127,5.339806,2.0624533
14-02-2021,15:48:37:,1,4.285546771010118e-05,-0.0005113087728591414,6.395120036913537e-06,7.2946897,5.3397346,2.0623846
14-02-2021,15:48:37:,1,3.803554012282717e-05,-0.00045378290018882676,5.6561627702724545e-06,7.2945814,5.3396707,2.0623238
14-02-2021,15:48:37:,1,3.375786959569638e-05,-0.0004027329041877541,5.004028093465889e-06,7.2944837,5.3396134,2.0622697
14-02-2021,15:48:37:,1,2.996141581768086e-05,-0.00035742910522861525,4.429193119808578e-06,7.294399,5.339564,2.062222
14-02-2021,15:48:37:,1,2.659201702437386e-05,-0.0003172238951432422,3.921116213851414e-06,7.2943225,5.3395195,2.062179
14-02-2021,15:48:37:,1,2.3601613330370697e-05,-0.0002815431044882165,3.4727739570577544e-06,7.2942553,5.339479,2.062142
14-02-2021,15:48:37:,1,2.094755795400971e-05,-0.00024987703980568476,3.075799332712169e-06,7.294195,5.3394446,2.062108
14-02-2021,15:48:37:,1,1.8592006318041143e-05,-0.0002217738502701279,2.725589856261896e-06,7.2941422,5.3394136,2.0620785
14-02-2021,15:48:38:,1,1.650137498820925e-05,-0.00019683218115425298,2.4151743101631694e-06,7.2940946,5.3393855,2.0620522
14-02-2021,15:48:38:,1,1.4645861422302175e-05,-0.00017469633966955977,2.140656549612992e-06,7.2940536,5.3393607,2.062029
14-02-2021,15:48:38:,1,1.2999016939740926e-05,-0.0001550504770113135,1.89756995803411e-06,7.2940154,5.3393393,2.062008
14-02-2021,15:48:38:,1,1.1537369639214035e-05,-0.00013761440256322043,1.6825646243348374e-06,7.293983,5.33932,2.0619893
14-02-2021,15:48:38:,1,1.0240089178825684e-05,-0.00012213938921399554,1.4918340672151996e-06,7.293954,5.3393025,2.0619733
14-02-2021,15:48:38:,1,9.08868895477255e-06,-0.00010840487786894773,1.3228749669987278e-06,7.2939277,5.3392873,2.0619588
14-02-2021,15:48:38:,1,8.066761869152117e-06,-9.621504939896132e-05,1.1733214243630206e-06,7.293905,5.3392744,2.0619457
14-02-2021,15:48:38:,1,7.1597468980222345e-06,-8.539608474441748e-05,1.0407193961233505e-06,7.293884,5.3392625,2.0619342
14-02-2021,15:48:38:,1,6.354721181267564e-06,-7.579379391392201e-05,9.231336894349881e-07,7.2938657,5.3392515,2.061924
14-02-2021,15:48:38:,1,5.640215346769395e-06,-6.727133562835588e-05,8.188758620738721e-07,7.293849,5.339242,2.0619152
14-02-2021,15:48:38:,1,5.006050012301699e-06,-5.9707257433031865e-05,7.264631310450087e-07,7.293835,5.3392334,2.061907
14-02-2021,15:48:38:,1,4.44319073800159e-06,-5.299376027272107e-05,6.445001254355882e-07,7.293823,5.3392262,2.0619001
14-02-2021,15:48:38:,1,3.943619204083149e-06,-4.7035186177669126e-05,5.718220247710385e-07,7.293812,5.3392196,2.061894
14-02-2021,15:48:38:,1,3.500218866303584e-06,-4.174663095335007e-05,5.073607947727205e-07,7.293801,5.339214,2.0618882
14-02-2021,15:48:38:,1,3.106673532204951e-06,-3.705274485263802e-05,4.5021847623379215e-07,7.2937922,5.339208,2.061883
14-02-2021,15:48:38:,1,2.7573773655475975e-06,-3.288664332146906e-05,3.994702566966277e-07,7.2937846,5.339204,2.0618787
14-02-2021,15:48:38:,1,2.447354898293952e-06,-2.9188992582106262e-05,3.5447092423816e-07,7.293777,5.339199,2.0618749
14-02-2021,15:48:38:,1,2.172190109117622e-06,-2.5907108699630742e-05,3.1455280724409026e-07,7.2937713,5.3391957,2.0618713
14-02-2021,15:48:38:,1,1.927963594994253e-06,-2.2994237980429343e-05,2.7913781177213453e-07,7.2937655,5.339193,2.0618682
14-02-2021,15:48:38:,1,1.7111966887917163e-06,-2.040888575704486e-05,2.477186098073878e-07,7.2937613,5.33919,2.0618658
14-02-2021,15:48:38:,1,1.518801891808863e-06,-1.8114223304806283e-05,2.1981872315433474e-07,7.293756,5.339187,2.061863
14-02-2021,15:48:38:,1,1.3480388498798845e-06,-1.607757086011183e-05,1.951013568635902e-07,7.293753,5.3391857,2.061861
14-02-2021,15:48:38:,1,1.1964753663384897e-06,-1.4269905765060469e-05,1.7312992373820732e-07,7.2937493,5.3391833,2.0618591
14-02-2021,15:48:38:,1,1.0619527257560435e-06,-1.266549181845567e-05,1.5365374857554136e-07,7.2937474,5.3391814,2.0618577
14-02-2021,15:48:38:,1,9.425549136743427e-07,-1.124146933568709e-05,1.3635673592485447e-07,7.2937436,5.3391795,2.0618558
14-02-2021,15:48:38:,1,8.36581361074451e-07,-9.977559400330014e-06,1.2103338720800447e-07,7.2937407,5.339178,2.0618544
14-02-2021,15:48:38:,1,7.425227264157286e-07,-8.855751529514424e-06,1.0741332488683298e-07,7.293739,5.339177,2.0618534
14-02-2021,15:48:38:,1,6.590393821781504e-07,-7.860074544773851e-06,9.532569399655426e-08,7.293737,5.339176,2.061852
14-02-2021,15:48:38:,1,5.8494229238093e-07,-6.976346831153384e-06,8.460788003521434e-08,7.293735,5.3391747,2.0618513
14-02-2021,15:48:38:,1,5.191761238698689e-07,-6.191978445238012e-06,7.508673737017033e-08,7.293734,5.3391747,2.0618505
14-02-2021,15:48:38:,1,4.6080420279537293e-07,-5.495800626924365e-06,6.664314800064857e-08,7.2937326,5.3391733,2.0618498
14-02-2021,15:48:38:,1,4.0899516484671494e-07,-4.877895803386302e-06,5.9147155892996396e-08,7.2937326,5.339173,2.0618494
14-02-2021,15:48:38:,1,3.63011126047752e-07,-4.329464077313271e-06,5.2493798469011965e-08,7.2937303,5.339172,2.0618486
14-02-2021,15:48:38:,1,3.221971618394548e-07,-3.8426944800810746e-06,4.659556218491862e-08,7.2937303,5.339172,2.0618482
14-02-2021,15:48:38:,1,2.8597199230873116e-07,-3.4106521338213574e-06,4.1352687353142583e-08,7.293729,5.339171,2.0618477
14-02-2021,15:48:38:,1,2.5381969104287805e-07,-3.027186244695864e-06,3.67034270863828e-08,7.293728,5.33917,2.0618472
14-02-2021,15:48:38:,1,2.252823327886233e-07,-2.6868340360954933e-06,3.257572860460741e-08,7.293727,5.33917,2.0618467
14-02-2021,15:48:38:,1,1.9995348132795243e-07,-2.384748499566562e-06,2.891368190368571e-08,7.293727,5.3391705,2.0618465
14-02-2021,15:48:38:,1,1.7747239899890133e-07,-2.116626780569969e-06,2.5661411546556813e-08,7.2937264,5.33917,2.0618463
14-02-2021,15:48:38:,1,1.5751890503068466e-07,-1.8786508411861507e-06,2.277563110010937e-08,7.2937255,5.3391695,2.061846
14-02-2021,15:48:38:,1,1.3980881519159993e-07,-1.6674310897399065e-06,2.0215133762610423e-08,7.293725,5.339169,2.0618458
14-02-2021,15:48:38:,1,1.240899001331286e-07,-1.479959038337158e-06,1.7941826286702197e-08,7.2937245,5.3391685,2.0618453
14-02-2021,15:48:38:,1,1.1013828826733629e-07,-1.313564897881593e-06,1.5924783091767906e-08,7.2937245,5.3391685,2.0618453
14-02-2021,15:48:38:,1,9.775527809452456e-08,-1.165878645827909e-06,1.4133636709194894e-08,7.2937245,5.3391685,2.0618453
14-02-2021,15:48:38:,1,8.676450979905326e-08,-1.0347971840527496e-06,1.2544481099291936e-08,7.293725,5.3391685,2.0618453
14-02-2021,15:48:38:,1,7.700944903987761e-08,-9.184534291579063e-07,1.1133911160644107e-08,7.2937236,5.339168,2.0618446
14-02-2021,15:48:38:,1,6.835116428405286e-08,-8.151904239364372e-07,9.883241561420833e-09,7.2937236,5.339168,2.0618446
14-02-2021,15:48:38:,1,6.06663439484123e-08,-7.23537096396112e-07,8.77110979634241e-09,7.2937236,5.339168,2.0618446
14-02-2021,15:48:38:,1,5.3845540470831565e-08,-6.421887653292978e-07,7.784880994343995e-09,7.2937236,5.339168,2.0618443
14-02-2021,15:48:38:,1,4.779160978074515e-08,-5.699865667205128e-07,6.9097436132617745e-09,7.2937236,5.3391676,2.0618443
14-02-2021,15:48:38:,1,4.241833151397145e-08,-5.059021263153889e-07,6.13263107985205e-09,7.2937236,5.339168,2.0618443
14-02-2021,15:48:38:,1,3.7649178885601486e-08,-4.4902286122207884e-07,5.443285958813959e-09,7.2937236,5.3391676,2.0618443
14-02-2021,15:48:38:,1,3.341622845098868e-08,-3.9853856642964143e-07,4.831152255031106e-09,7.293723,5.3391676,2.061844
14-02-2021,15:48:38:,1,2.9659194655806687e-08,-3.537303328064512e-07,4.288206645831809e-09,7.293723,5.3391676,2.061844
14-02-2021,15:48:38:,1,2.6324569635249873e-08,-3.139598851878652e-07,3.80591961253828e-09,7.293723,5.3391676,2.061844
14-02-2021,15:48:38:,1,2.3364861156949246e-08,-2.786609319037674e-07,3.3780122468549504e-09,7.293723,5.3391676,2.061844
14-02-2021,15:48:38:,1,2.0737917161284258e-08,-2.4733069014357674e-07,2.9982054265434126e-09,7.293723,5.3391676,2.061844
14-02-2021,15:48:38:,1,1.8406324020503462e-08,-2.19522954907887e-07,2.6611178617576893e-09,7.2937226,5.3391676,2.0618439
14-02-2021,15:48:38:,1,1.6336875408029528e-08,-1.9484168080164828e-07,2.362003110575323e-09,7.2937226,5.339168,2.0618439
14-02-2021,15:48:38:,1,1.4500097567093917e-08,-1.7293533382798135e-07,2.0963957118074174e-09,7.2937226,5.339167,2.0618439
14-02-2021,15:48:38:,1,1.2869831866879622e-08,-1.5349196110802148e-07,1.86057982959966e-09,7.2937226,5.339168,2.0618439
14-02-2021,15:48:38:,1,1.1422859103049632e-08,-1.3623466753776945e-07,1.6514989090931977e-09,7.2937226,5.339168,2.0618439
14-02-2021,15:48:38:,1,1.0138570871731645e-08,-1.2091760376900495e-07,1.4657952825838683e-09,7.2937226,5.339168,2.0618439
14-02-2021,15:48:38:,1,8.998677802907196e-09,-1.0732266560601581e-07,1.3009598162831397e-09,7.2937226,5.339168,2.0618439
14-02-2021,15:48:38:,1,7.986943995064166e-09,-9.525623507731872e-08,1.1547087961997595e-09,7.2937226,5.339168,2.0618439
14-02-2021,15:48:38:,1,7.088960973788971e-09,-8.454644465902978e-08,1.024877359492431e-09,7.2937226,5.339168,2.0618439
14-02-2021,15:48:38:,1,6.291939413927139e-09,-7.504077244619279e-08,9.096489324901739e-10,7.2937226,5.339168,2.0618439
14-02-2021,15:48:38:,1,5.5845279511856916e-09,-6.66038360278748e-08,8.073809572018811e-10,7.2937226,5.339168,2.0618439
14-02-2021,15:48:38:,1,4.956651533660761e-09,-5.9115474463273853e-08,7.166138864458053e-10,7.2937226,5.339168,2.0618439
14-02-2021,15:48:38:,1,4.399368425112016e-09,-5.246903737803069e-08,6.360326350457503e-10,7.2937226,5.339168,2.0618439
14-02-2021,15:48:38:,1,3.904741419091806e-09,-4.656987169799631e-08,5.64522348099299e-10,7.2937226,5.339168,2.0618439
14-02-2021,15:48:38:,1,3.4657259284642805e-09,-4.1333957362174064e-08,5.010552539279044e-10,7.2937226,5.339168,2.0618439
14-02-2021,15:48:38:,1,3.0760696212439598e-09,-3.6686723176269406e-08,4.4471825468231743e-10,7.2937226,5.339168,2.0618439
14-02-2021,15:48:38:,1,2.7302231586645576e-09,-3.2561984673307064e-08,3.9470802604935757e-10,7.2937226,5.339168,2.0618439
14-02-2021,15:48:38:,1,2.423260259121207e-09,-2.8900999072303607e-08,3.503467132543413e-10,7.2937226,5.339168,2.0618439
14-02-2021,15:48:38:,1,2.1508097525213543e-09,-2.565161829554765e-08,3.109520614892317e-10,7.2937226,5.339168,2.0618439
14-02-2021,15:48:38:,1,1.9089911873493293e-09,-2.2767571252272992e-08,2.759928429821638e-10,7.2937226,5.339168,2.0618439
14-02-2021,15:48:38:,1,1.6943606517827448e-09,-2.0207781110894183e-08,2.449611931254549e-10,7.2937226,5.339168,2.0618439
14-02-2021,15:48:38:,1,1.5038614797902028e-09,-1.793579208469824e-08,2.1741362475371141e-10,7.2937226,5.339168,2.0618439
14-02-2021,15:48:38:,1,1.3347802862995195e-09,-1.5919247711536363e-08,1.9297327810005602e-10,7.2937226,5.339168,2.0618439
14-02-2021,15:48:38:,1,1.1847092196148878e-09,-1.4129425046202625e-08,1.7127330009104093e-10,7.2937226,5.339168,2.0618439
14-02-2021,15:48:38:,1,1.0515108783692995e-09,-1.2540835676640067e-08,1.5201546356111273e-10,7.2937226,5.339168,2.0618439
14-02-2021,15:48:39:,1,9.332881134582749e-10,-1.1130853965453939e-08,1.3492777967522708e-10,7.2937226,5.339168,2.0618439
14-02-2021,15:48:39:,1,8.283569385980627e-10,-9.879397363389705e-09,1.1977170973006476e-10,7.2937217,5.3391676,2.0618436
14-02-2021,15:48:39:,1,7.352238817759371e-10,-8.768639638478675e-09,1.0628852329857633e-10,7.2937217,5.3391676,2.0618436
14-02-2021,15:48:39:,1,6.525615603436563e-10,-7.782770988427597e-09,9.434695986422605e-11,7.2937217,5.3391676,2.0618436
14-02-2021,15:48:39:,1,5.791931378951176e-10,-6.907742357743426e-09,8.37372935091848e-11,7.2937217,5.3391676,2.0618436
14-02-2021,15:48:39:,1,5.140736725195438e-10,-6.131095024004988e-09,7.432080310890958e-11,7.2937217,5.3391676,2.0618436
14-02-2021,15:48:39:,1,4.562754618575582e-10,-5.441767735585384e-09,6.59731422681386e-11,7.2937217,5.3391676,2.0618436
14-02-2021,15:48:39:,1,4.0497605269251835e-10,-4.829940001644534e-09,5.853768517792656e-11,7.2937217,5.3391676,2.0618436
14-02-2021,15:48:39:,1,3.594440300958013e-10,-4.286906185366144e-09,5.196629418726642e-11,7.2937217,5.3391676,2.0618436
14-02-2021,15:48:39:,1,3.190310238210259e-10,-3.804923395992111e-09,4.613210293573345e-11,7.2937217,5.3391676,2.0618436
14-02-2021,15:48:39:,1,2.831619383414363e-10,-3.3771281088614094e-09,4.0936719024842084e-11,7.2937217,5.3391676,2.0618436
14-02-2021,15:48:39:,1,2.513256269764952e-10,-2.9974329907970087e-09,3.6335259301515745e-11,7.2937217,5.3391676,2.0618436
14-02-2021,15:48:39:,1,2.230691187321554e-10,-2.6604271559810006e-09,3.223427675700991e-11,7.2937217,5.3391676,2.0618436
14-02-2021,15:48:39:,1,1.9798918060587312e-10,-2.361315945418716e-09,2.8622982435359402e-11,7.2937217,5.3391676,2.0618436
14-02-2021,15:48:39:,1,1.7572876487292888e-10,-2.0958303913906185e-09,2.5414882317986354e-11,7.2937217,5.3391676,2.0618436
14-02-2021,15:48:39:,1,1.559712359266996e-10,-1.8601908116143952e-09,2.2553284308143388e-11,7.2937217,5.3391676,2.0618436
14-02-2021,15:48:39:,1,1.3843548529735017e-10,-1.6510457656679767e-09,2.0001471561310506e-11,7.2937217,5.3391676,2.0618436
14-02-2021,15:48:39:,1,1.2287104667052517e-10,-1.4654199105873978e-09,1.7762041294534906e-11,7.2937217,5.3391676,2.0618436
14-02-2021,15:48:39:,1,1.0905631953050943e-10,-1.3006614362944415e-09,1.577380925681343e-11,7.2937217,5.3391676,2.0618436
14-02-2021,15:48:39:,1,9.67950164465492e-11,-1.1544244184615814e-09,1.3992325556273365e-11,7.2937217,5.3391676,2.0618436
14-02-2021,15:48:39:,1,8.591216626996356e-11,-1.024631413419902e-09,1.2422931162105906e-11,7.2937217,5.3391676,2.0618436
14-02-2021,15:48:39:,1,7.625278186651485e-11,-9.094301032615538e-10,1.1030551562162311e-11,7.2937217,5.3391676,2.0618436
14-02-2021,15:48:39:,1,6.767963967035939e-11,-8.07179768241188e-10,9.781831943633756e-12,7.2937217,5.3391676,2.0618436
14-02-2021,15:48:39:,1,6.007061514878842e-11,-7.164280946615989e-10,8.672892525274239e-12,7.2937217,5.3391676,2.0618436
14-02-2021,15:48:39:,1,5.331646235617882e-11,-6.358824206479363e-10,7.721561147833632e-12,7.2937217,5.3391676,2.0618436
14-02-2021,15:48:39:,1,4.732214620162267e-11,-5.643855997678347e-10,6.836388835815042e-12,7.2937217,5.3391676,2.0618436
14-02-2021,15:48:39:,1,4.200151337840907e-11,-5.009323049394077e-10,6.077609794437291e-12,7.2937217,5.3391676,2.0618436
14-02-2021,15:48:39:,1,3.7279512810073356e-11,-4.446102370393897e-10,5.3779934687871476e-12,7.2937217,5.3391676,2.0618436
14-02-2021,15:48:39:,1,3.3088198847508465e-11,-3.9462532803051216e-10,4.78108846354164e-12,7.2937217,5.3391676,2.0618436
14-02-2021,15:48:39:,1,2.936806353659449e-11,-3.50257981984255e-10,4.245928496154551e-12,7.2937217,5.3391676,2.0618436
14-02-2021,15:48:39:,1,2.6065816172149425e-11,-3.1087823162418355e-10,3.78317480310045e-12,7.2937217,5.3391676,2.0618436
14-02-2021,15:48:39:,1,2.3135271476348862e-11,-2.7592173509141456e-10,3.341861962750933e-12,7.2937217,5.3391676,2.0618436
14-02-2021,15:48:39:,1,2.0534240974257045e-11,-2.4490018134520777e-10,2.9645570690956074e-12,7.2937217,5.3391676,2.0618436
14-02-2021,15:48:39:,1,1.822542117224657e-11,-2.1736686707809283e-10,2.63995632942856e-12,7.2937217,5.3391676,2.0618436
14-02-2021,15:48:39:,1,1.617639355799838e-11,-1.929265917836512e-10,2.3353144070881347e-12,7.2937217,5.3391676,2.0618436
14-02-2021,15:48:39:,1,1.4357848243662374e-11,-1.712364804608993e-10,2.0683162931229364e-12,7.2937217,5.3391676,2.0618436
14-02-2021,15:48:39:,1,1.2743583965857397e-11,-1.519863061040523e-10,1.8425877304968903e-12,7.2937217,5.3391676,2.0618436
14-02-2021,15:48:39:,1,1.1310508085671245e-11,-1.3489844498623628e-10,1.6475486643274086e-12,7.2937217,5.3391676,2.0618436
14-02-2021,15:48:39:,1,1.0039080677870516e-11,-1.1972825980702286e-10,1.4423750397620855e-12,7.2937217,5.3391676,2.0618436
14-02-2021,15:48:39:,1,8.910205906431656e-12,-1.0626957467694e-10,1.294999404940039e-12,7.2937217,5.3391676,2.0618436
14-02-2021,15:48:39:,1,7.908340649009915e-12,-9.431970181727647e-11,1.1464347712199962e-12,7.2937217,5.3391676,2.0618436
14-02-2021,15:48:39:,1,7.01927405089009e-12,-8.37142654406054e-11,1.0113732548419803e-12,7.2937217,5.3391676,2.0618436
14-02-2021,15:48:39:,1,6.2301275249865284e-12,-7.43030230612546e-11,8.989446783796375e-13,7.2937217,5.3391676,2.0618436
14-02-2021,15:48:39:,1,5.52979884105298e-12,-6.594950442733321e-11,7.942393333002809e-13,7.2937217,5.3391676,2.0618436
14-02-2021,15:48:39:,1,4.908073947262892e-12,-5.853624388978235e-11,7.100439498674164e-13,7.2937217,5.3391676,2.0618436
14-02-2021,15:48:39:,1,4.356071059419264e-12,-5.1954962507166e-11,6.373713732036765e-13,7.2937217,5.3391676,2.0618436
14-02-2021,15:48:39:,1,3.866240660954645e-12,-4.6111540039799285e-11,5.617553987822944e-13,7.2937217,5.3391676,2.0618436
14-02-2021,15:48:39:,1,3.431477324511434e-12,-4.092629025354102e-11,4.987408335823131e-13,7.2937217,5.3391676,2.0618436
14-02-2021,15:48:39:,1,3.0460078903615795e-12,-3.632398101106549e-11,4.265883006432916e-13,7.2937217,5.3391676,2.0618436
14-02-2021,15:48:39:,1,2.7036151095671812e-12,-3.224382495923257e-11,3.88192561051007e-13,7.2937217,5.3391676,2.0618436
14-02-2021,15:48:39:,1,2.3994140008198883e-12,-2.861955576499656e-11,3.5661028160474133e-13,7.2937217,5.3391676,2.0618436
14-02-2021,15:48:39:,1,2.1298518504409003e-12,-2.539924077094455e-11,2.999925255495998e-13,7.2937217,5.3391676,2.0618436
14-02-2021,15:48:39:,1,1.8900436771218665e-12,-2.2545882186155145e-11,2.873184541000188e-13,7.2937217,5.3391676,2.0618436
14-02-2021,15:48:39:,1,1.6777690348135366e-12,-2.0007138242280542e-11,2.33516639272716e-13,7.2937217,5.3391676,2.0618436
14-02-2021,15:48:39:,1,1.48903112062726e-12,-1.7760183606693492e-11,2.1942617800043876e-13,7.2937217,5.3391676,2.0618436
14-02-2021,15:48:39:,1,1.3216094885137863e-12,-1.576225613087423e-11,1.9137115990210124e-13,7.2937217,5.3391676,2.0618436
14-02-2021,15:48:39:,1,1.1728396032140154e-12,-1.3989966776569634e-11,1.7646153379708996e-13,7.2937217,5.3391676,2.0618436
14-02-2021,15:48:39:,1,1.0413891970983968e-12,-1.2414995679574956e-11,1.3376563230618468e-13,7.2937217,5.3391676,2.0618436
14-02-2021,15:48:39:,1,9.241496456979803e-13,-1.1023815687431933e-11,1.4000789958697225e-13,7.2937217,5.3391676,2.0618436
14-02-2021,15:48:39:,1,8.202327705930657e-13,-9.782751106524473e-12,1.1940997947851556e-13,7.2937217,5.3391676,2.0618436
14-02-2021,15:48:39:,1,7.278622149442526e-13,-8.682679774621721e-12,1.1125119400122343e-13,7.2937217,5.3391676,2.0618436
14-02-2021,15:48:39:,1,6.461498003318411e-13,-7.704751842947068e-12,8.834228353247799e-14,7.2937217,5.3391676,2.0618436
14-02-2021,15:48:39:,1,5.733191699164308e-13,-6.8398390926685245e-12,8.994272064867604e-14,7.2937217,5.3391676,2.0618436
14-02-2021,15:48:39:,1,5.089262344881718e-13,-6.0687619126249806e-12,7.048860684342882e-14,7.2937217,5.3391676,2.0618436
14-02-2021,15:48:39:,1,4.516387264175137e-13,-5.387129359892338e-12,6.747110181763422e-14,7.2937217,5.3391676,2.0618436
14-02-2021,15:48:39:,1,4.0101255649460654e-13,-4.780665476129047e-12,5.139716594813706e-14,7.2937217,5.3391676,2.0618436
14-02-2021,15:48:39:,1,3.561595462997502e-13,-4.244866388370634e-12,4.2093949889047265e-14,7.2937217,5.3391676,2.0618436
14-02-2021,15:48:39:,1,3.157474282033945e-13,-3.770310401872037e-12,6.056520985527788e-14,7.2937217,5.3391676,2.0618436
14-02-2021,15:48:39:,1,2.802202914153895e-13,-3.3422795235373624e-12,4.1281413692511725e-14,7.2937217,5.3391676,2.0618436
14-02-2021,15:48:39:,1,2.4868995751603507e-13,-2.966078737794364e-12,3.6216515418966525e-14,7.2937217,5.3391676,2.0618436
